"Source","Text"
"UNDERSCORE_ONLY","Here again, our instincts are doing quick pattern-recognition. We know, without drafting a white paper, that friendships and offices operate in different ways. They call for different kinds of priorities, tools structure, different expectations, different kinds of authority while still having many shared elements of each other. Copying and pasting the same prioritization from one habitat into the other doesn't just feel awkward. It feels wrong."
"UNDERSCORE_ONLY","You want public schools funded properly AND you want less bureaucratic overhead strangling teachers. You want police accountability AND you want safe neighborhoods where people can walk at night. You want strong labor protections for each employee AND you don’t want regulations that make it impossible for your neighbor to start a small business. You want borders that mean something AND you don’t want children separated from their parents and locked in cages."
"UNDERSCORE_ONLY","The Line – Four Islands"
"UNDERSCORE_ONLY","It runs a bit like this:"
"UNDERSCORE_ONLY","""From each according to ability, to each according to need"""
"UNDERSCORE_ONLY","""Shared resources, shared burden"""
"UNDERSCORE_ONLY","""Voluntary trade, price signals"""
"UNDERSCORE_ONLY","""Voluntary association, emergent order"""
"UNDERSCORE_ONLY","You wake up in a home. If you live with family, the people around you don’t send you invoices. Your four-year-old doesn’t pay rent. You don’t charge your spouse for the coffee you made or keep a running tab on who did more dishes. The family operates on “from each according to ability, to each according to need,” whether you’d ever use that phrase or not."
"UNDERSCORE_ONLY","During lunch, you text a friend to confirm dinner plans. There’s no contract. No one’s in charge of your friendship. You don’t have a manager reviewing your friend group’s performance metrics. You coordinate through trust, reputation, and shared interest. If the friendship stops working, either of you can exit. No formal process required. That’s the Friendship Habitat. That’s anarchist logic (voluntary association, emergent order, no central authority), and it works because friendship operates on trust, not enforcement."
"UNDERSCORE_ONLY","You’re a communist at the breakfast table, a socialist on shared roadways, a capitalist at work, and an anarchist with your friends."
"UNDERSCORE_ONLY","That’s not navigation. That’s what we call the Hammer Fallacy."
"UNDERSCORE_ONLY","If all you have is Market logic, every problem looks like it needs price signals and voluntary exchange. If all you have is Commons logic, every problem looks like it needs collective provision and shared rules. If all you have is family logic, every problem looks like it needs unconditional care. If all you have is network logic, every problem looks like it needs voluntary coordination and distributed trust."
"UNDERSCORE_ONLY","The catastrophes happen when people commit the Hammer Fallacy at every scale. When they take one tool and try to use it for everything."
"UNDERSCORE_ONLY","You’re not failing. You’re seeing something the old map can’t show you."
"UNDERSCORE_ONLY","You’re not confused. The old map is broken. Life looks less like a line and more like a circle…or for our purposes, a ring."
"UNDERSCORE_ONLY","A scale error is when you apply a good tool (or logic) in the wrong setting (or habitat). The logic isn’t broken. The fit is wrong."
"UNDERSCORE_ONLY","Think back to the quarterly performance review of a four-year-old. Market logic isn’t bad. It’s incredibly useful in the right context. When adults with options are negotiating compensation for their labor, price signals and performance metrics can coordinate complex activity across strangers who will never meet. But apply it to a family (a scale where people are bound by biology, history, and unconditional obligation), and it becomes monstrous. It turns love into transaction. It turns care into invoice. It takes the thing that makes family work (uneven giving without scorekeeping) and destroys it."
"UNDERSCORE_ONLY","Or the president treating citizens like children. Family logic isn’t wrong. It’s the most beautiful logic we have for raising kids, serving each other, and caring for our parents. The parent who gives more than they receive, who loves sacrificially and unconditionally, who provides without demanding payment, that’s not exploitation. That’s what makes childhood possible. But scale it up to three hundred million strangers, and it becomes tyranny. It becomes paternalism. It becomes the state telling adults what they’re allowed to say, think, read, do, “for their own good.” A government large enough to parent you is large enough to control you."
"UNDERSCORE_ONLY","Or the friend group with an HR department. Uniform accountability isn’t wrong. It’s essential in workplaces where strangers coordinate complex tasks with real stakes, where people need to rely on each other but don’t have the trust that comes from years of relationship. Rules, procedures, documentation: these things make coordination possible when you can’t depend on a trusted network of friendships. But apply them to voluntary relationships where trust and flexibility are the entire point, and you suffocate what you’re trying to protect. You turn friendship into work. You kill spontaneity. You make people want to exit."
"UNDERSCORE_ONLY","Each ideology makes the same mistake. Each one takes a logic that works beautifully at one scale and insists it should work in all of life’s habitats."
"UNDERSCORE_ONLY","The free-market purist who insists you should charge your young children or elderly mother rent is making a scale error. The socialist who wants to nationalize every industry (including your local coffee shop and the guy who mows lawns in your neighborhood) is making a scale error. The communitarian who wants every relationship formalized in shared governance under the centralized authority of an expert is making a scale error. The libertarian who thinks every public good should be privatized (including the fire department and the roads and the military) is making a scale error."
"UNDERSCORE_ONLY","They’re all pointing at something real. They’re all identifying a logic that works somewhere. But they’re all trying to hammer nails with screwdrivers, trying to tighten bolts with a water glass which is effective for a completely different function, and then blaming the tool when it doesn’t work."
"UNDERSCORE_ONLY","This is a map, not the territory. It’s a tool for navigation, not a vehicle itself. It won’t tell you the correct tax rate or the right healthcare system or whether your city should zone for more housing. Those are questions that require local knowledge, democratic deliberation, and trade-offs that this framework will not perform for you."
"UNDERSCORE_ONLY","The Ring won’t settle every argument. It won’t make difficult choices easy. It won’t eliminate legitimate disagreements about which habitat is primary with the others supporting in a given situation. Where exactly does Family scale end and Commons scale begin? When should something be provided collectively versus left to voluntary networks for coordination? These are real questions. They’re hard for good reasons."
"UNDERSCORE_ONLY","What The Ring does is this: It gives you a way to diagnose scale errors. It lets you spot when someone is using the wrong logic in the wrong situation and then wondering why everything breaks. It lets you recognize that you’re already navigating multiple systems, that this is normal and healthy, and that the problem isn’t your complexity. It’s a broken map that can’t navigate it."
"UNDERSCORE_ONLY","Real life doesn’t always fit neatly into four categories. Most of the interesting questions happen at the boundaries, in the hybrid spaces where two or more systems touch or overlap each other."
"UNDERSCORE_ONLY","These aren’t failures of The Ring. They’re features of reality. The world is complex. Most things exist at multiple scales simultaneously, operating multiple logics in different aspects."
"UNDERSCORE_ONLY","The Ring doesn’t resolve those tensions. But it lets you see them and start to name them.  It lets you ask: What part of this situation is coordination among volunteers but someone is trying to centralize authority and decision making for everyone?  What part is pooling risk we all face but someone is offering to pay more for customized services? Once you can see which systems or habitat you are in, you can think more clearly about which logic to apply where and which one is causing things to unravel."
"UNDERSCORE_ONLY","And sometimes the answer is: we need multiple logics coordinated thoughtfully, at once. That’s not confusion. That’s sophistication."
"UNDERSCORE_ONLY","Once you can recognize scale errors, you’ll start seeing them everywhere."
"UNDERSCORE_ONLY","You’ll notice when politicians promise to run the government “like a business,” and you’ll catch the scale error. Government isn’t a business. It operates in the Commons, with different obligations, serving people who can’t exit the way customers can."
"UNDERSCORE_ONLY","You’ll catch when activists demand that companies act “like a family,” and you’ll see the mismatch. Companies aren’t families. They operate on different logic, in the Market, with voluntary participation and price signals instead of unconditional obligation."
"UNDERSCORE_ONLY","You’ll have language for something you’ve always felt but couldn’t quite name. You’ll be able to say: “I see what you’re pointing at is the priority. And I see the three other systems that are contributing outcomes that you’re ignoring.”"
"UNDERSCORE_ONLY","You’ll have a way to see that most political disagreements aren’t really about values. They’re about scale (habitat we’re in + logic we’re using). Both sides are often pointing at something real: a logic that works somewhere. But they’re fighting because they can’t see that the other person is looking at a different habitat, maybe a different part of the context, a different kind of coordination problem."
"UNDERSCORE_ONLY","What habitat(s) are we in? (Family, Commons, Market, or Network?)"
"UNDERSCORE_ONLY","What logic are we using? (Family, Commons, Market, or Network?)"
"UNDERSCORE_ONLY","Are we dealing with a scale error? (Multiple habitats but single logic, mismatched habitat to logic, shifted habitat but kept previous logic?)"
"UNDERSCORE_ONLY","It also gives you permission to be complex. To believe different things at different scales. To recognize that human social organization isn’t a line from left to right, but a set of complementary systems that work together when they’re each used at the right scale."
"UNDERSCORE_ONLY","We’ve been trying to flatten multiple dimensions onto one axis. We’ve been forcing people to pick teams when they should be picking tools. We’ve been treating complementary systems as competing ideologies, and then wondering why nothing works."
"UNDERSCORE_ONLY","/"
"UNDERSCORE_ONLY",""
"UNDERSCORE_ONLY","The Market Habitat, operating correctly, generates discovery. Not by hoarding knowledge to create artificial scarcity. Not by patenting everything and suing competitors. But by recognizing that some problems are too big for one company, that innovation accelerates when shared, that surplus value comes from lifting entire industries."
"DASH_ONLY","Cover Graphic"
"DASH_ONLY","Here again, our instincts are doing quick pattern-recognition. We know, without drafting a white paper, that friendships and offices live in different worlds. They call for different kinds of structure, different expectations, different kinds of authority. Copying and pasting the tools from one world into the other doesn’t just feel awkward. It feels wrong."
"DASH_ONLY","You want public schools funded properly AND you want less bureaucratic overhead strangling teachers. You want police accountability AND you want safe neighborhoods where people can walk at night. You want strong labor protections for workers AND you don’t want regulations that make it impossible for your neighbor to start a small business. You want borders that mean something AND you don’t want children separated from their parents and locked in cages."
"DASH_ONLY","“From each according to ability, to each according to need”"
"DASH_ONLY","“Shared resources, shared burden”"
"DASH_ONLY","“Voluntary trade, price signals”"
"DASH_ONLY","“Voluntary association, emergent order”"
"DASH_ONLY","/"
"DASH_ONLY","You wake up in a home. If you live with family, the people around you don’t send you invoices. Your four-year-old doesn’t pay rent. You don’t charge your partner for the coffee you made or keep a running tab on who did more dishes. The family operates on “from each according to ability, to each according to need,” whether you’d ever use that phrase or not."
"DASH_ONLY","During lunch, you text a friend to confirm dinner plans. There’s no contract. No one’s in charge of your friendship. You don’t have a manager reviewing your friend group’s performance metrics. You coordinate through trust, reputation, and shared interest. If the friendship stops working, either of you can exit. No formal process required. That’s the network habitat. That’s anarchist logic (voluntary association, emergent order, no central authority), and it works because friendship operates on trust, not enforcement."
"DASH_ONLY","You’re a communist at the breakfast table, a socialist when you call 911, a capitalist at work, and an anarchist with your friends."
"DASH_ONLY","That’s not navigation. That’s what I call the Hammer Fallacy."
"DASH_ONLY","If all you have is market logic, every problem looks like it needs price signals and voluntary exchange. If all you have is safety-commons logic, every problem looks like it needs collective provision and shared rules. If all you have is family logic, every problem looks like it needs unconditional care. If all you have is network logic, every problem looks like it needs voluntary coordination and distributed trust."
"DASH_ONLY","The catastrophes happen when people commit the Hammer Fallacy at a massive scale. When they take one tool and try to use it for everything."
"DASH_ONLY","You’re not failing. You’re seeing something the map can’t show you."
"DASH_ONLY","You’re not confused. The map is broken. And now you have a better one."
"DASH_ONLY","A scale error is when you apply the right tool at the wrong scale. The tool isn’t broken. The fit is wrong."
"DASH_ONLY","Think back to the quarterly performance review of a four-year-old. Market logic isn’t wrong. It’s incredibly useful in the right context. When adults with options are negotiating compensation for their labor, price signals and performance metrics can coordinate complex activity across strangers who will never meet. But apply it to a family (a scale where people are bound by biology, history, and unconditional obligation), and it becomes monstrous. It turns love into transaction. It turns care into invoice. It takes the thing that makes family work (uneven giving without scorekeeping) and destroys it."
"DASH_ONLY","Or the president treating citizens like children. Family logic isn’t wrong. It’s the most beautiful logic we have for raising kids and caring for elders. The parent who gives more than they receive, who loves unconditionally, who provides without demanding payment, that’s not exploitation. That’s what makes childhood possible. But scale it up to three hundred million strangers, and it becomes tyranny. It becomes paternalism. It becomes the state telling adults what they’re allowed to say, think, read, do, “for their own good.” A government large enough to parent you is large enough to control you."
"DASH_ONLY","Or the friend group with an HR department. Formal accountability isn’t wrong. It’s essential in workplaces where strangers coordinate complex tasks with real stakes, where people need to rely on each other but don’t have the trust that comes from years of relationship. Rules, procedures, documentation: these things make coordination possible when you can’t depend on friendship. But apply them to voluntary relationships where trust and flexibility are the entire point, and you suffocate what you’re trying to protect. You turn friendship into work. You kill spontaneity. You make people want to exit."
"DASH_ONLY","Each ideology makes the same mistake. Each one takes a tool that works beautifully at one scale and insists it should work everywhere."
"DASH_ONLY","The free-market purist who insists you should charge your kids rent is making a scale error. The socialist who wants to nationalize every industry (including your local coffee shop and the guy who mows lawns in your neighborhood) is making a scale error. The communitarian who wants every relationship formalized in shared governance is making a scale error. The libertarian who thinks every public good should be privatized (including the fire department and the roads and the military) is making a scale error."
"DASH_ONLY","They’re all pointing at something real. They’re all identifying a tool that works somewhere. But they’re all trying to hammer nails with screwdrivers, trying to tighten bolts with wrenches designed for a completely different size, and then blaming the material when it doesn’t work."
"DASH_ONLY","Direction 1: Market Logic in the Family Habitat"
"DASH_ONLY","When you run a family like a business, you get transactional parenting. You get conditional love. You get children who learn that affection must be earned through performance. You get elderly parents warehoused because they’re no longer “productive.” You get relationships that fracture the moment the cost-benefit analysis tips the wrong direction."
"DASH_ONLY","Think of the most one-sided relationship in your family. Maybe it’s you caring for an aging parent who can’t repay you. Maybe it’s your child who consumes more resources than they’ll ever be able to return during childhood. Maybe it’s a sibling going through a crisis who needs help they can’t reciprocate right now."
"DASH_ONLY","If you tried to run that relationship on market logic (if you tried to keep a ledger, balance the books, ensure equal exchange), what would happen? The relationship would collapse. Because family doesn’t run on markets. It runs on unconditional obligation, on “from each according to ability, to each according to need.” The accounting books are supposed to be uneven. That’s not a bug. That’s the feature."
"DASH_ONLY","Market logic is a beautiful tool. But try to use it in a family, and you destroy what makes family work."
"DASH_ONLY","Direction 2: Family Logic at the National Scale"
"DASH_ONLY","When you try to run a nation like a family, you get paternalism. You get the state deciding what’s best for you. You get officials treating three hundred million adults like children who need guidance, protection, correction. You get surveillance “for your own good.” You get restrictions on what you can say, read, do because the parent-state knows better than you do."
"DASH_ONLY","The problem isn’t the impulse to care. The problem is the scale. At family scale, unequal relationships based on love and authority work because there’s intimacy, because there’s biology, because everyone knows each other. Parents actually do know their four-year-old better than the four-year-old knows themselves. That’s appropriate at that scale."
"DASH_ONLY","But a bureaucrat in a distant capital doesn’t know you. Doesn’t love you. Can’t track the specifics of your life, your needs, your circumstances. When the state tries to act like your parent, you don’t get care. You get coercion. You don’t get guidance. You get control."
"DASH_ONLY","Think of a time when the government treated you like you couldn’t make your own decisions. Maybe it was a regulation that made no sense for your specific situation but applied anyway. Maybe it was a rule that would have made sense if someone with local knowledge could have applied discretion, but instead got enforced blindly. Maybe it was being told you weren’t allowed to do something that harmed no one, for reasons that felt like “we know better than you do.”"
"DASH_ONLY","That’s family logic at the wrong scale. And it doesn’t feel like love. It feels like tyranny."
"DASH_ONLY","Direction 3: Safety Logic in Voluntary Networks"
"DASH_ONLY","When you try to regulate friendship like a workplace, you kill what makes friendship work. You take relationships based on voluntary affection and spontaneous trust, and you turn them into compliance structures."
"DASH_ONLY","Think of a time when formal rules got imposed on something that used to be informal. Maybe it was the neighborhood playgroup that got shut down because someone worried about liability. Maybe it was the Little League that instituted background checks for volunteer parents, not because there was a problem, but because someone thought there might be one. Maybe it was the school that banned hugs, or high-fives, or any physical contact, because touch opened up legal risk."
"DASH_ONLY","The safety apparatus isn’t wrong. We need rules in contexts where strangers coordinate high-stakes activity, where trust can’t be assumed, where harm is possible and verification is necessary. But when you take those tools and apply them to contexts where the whole point is trust, spontaneity, voluntary participation, you don’t make things safer. You make them worse. You drive people away. You kill the informal coordination that made the thing work in the first place."
"DASH_ONLY","That’s the commons intruding into the network. That’s safety logic trying to regulate friendship. And it suffocates what it’s trying to protect."
"DASH_ONLY","Direction 4: Voluntary Logic in the Safety Commons"
"DASH_ONLY","When you try to run critical infrastructure on voluntary participation alone, you get free-rider problems. You get people who benefit without contributing. You get coordination failures when stakes are high and universal participation is necessary."
"DASH_ONLY","Fire protection is the classic example. If fire departments were subscription services, you’d get houses burning down while firefighters stood outside verifying payment status. You’d get people who didn’t subscribe thinking they’d take their chances, right up until their house caught fire and they realized they’d gambled wrong. You’d get fires spreading from unprotected houses to protected ones, because fire doesn’t care about subscription status."
"DASH_ONLY","Some things work better when they’re public. When everyone chips in and everyone benefits. When participation isn’t voluntary but mandatory, because the risks are too high and the benefits too universal for markets to coordinate efficiently."
"DASH_ONLY","Think of a time when someone argued that something public should be privatized. Maybe it was roads: imagine paying a toll every quarter-mile. Maybe it was schools: imagine every family shopping for education on a pure market with no public option. Maybe it was the military: imagine national defense as a subscription service where only paying customers got protected."
"DASH_ONLY","Some of these might sound appealing in theory. But most of them would be catastrophic in practice. Because some coordination problems can’t be solved by voluntary participation alone. Some scales require collective provision. Some risks need to be pooled across everyone, not sorted by individual ability to pay."
"DASH_ONLY","That’s market logic in the safety commons. That’s voluntary coordination trying to handle something that requires universal participation. And it fails when stakes are high."
"DASH_ONLY","This is a map, not the territory. It’s a tool for navigation, not a blueprint for policy. It won’t tell you the correct tax rate or the right healthcare system or whether your city should zone for more housing. Those are questions that require local knowledge, democratic deliberation, and trade-offs that no framework can resolve for you."
"DASH_ONLY","The Ring won’t settle every argument. It won’t make difficult choices easy. It won’t eliminate legitimate disagreements about where one habitat ends and another begins. Where exactly does family scale end and community scale begin? When should something be provided collectively versus left to voluntary coordination? How much market is too much in contexts that aren’t pure exchange? These are real questions. They’re hard for good reasons."
"DASH_ONLY","What The Ring does is this: It gives you a way to diagnose scale errors. It lets you spot when someone is using the wrong tool at the wrong scale and then wondering why everything breaks. It lets you recognize that you’re already navigating multiple systems, that this is normal and healthy, and that the problem isn’t your complexity. It’s the broken map that can’t hold it."
"DASH_ONLY","Real life doesn’t always fit neatly into four categories. Most of the interesting questions happen at the boundaries, in the hybrid spaces where two or more systems touch each other."
"DASH_ONLY","These aren’t failures of The Ring. They’re features of reality. The world is complex. Most things exist at multiple scales simultaneously, operating on different logics in different aspects."
"DASH_ONLY","The Ring doesn’t resolve those tensions. But it lets you see them. It lets you ask: What part of this problem is coordination among strangers? What part is pooling risk we all face? What part is voluntary association? What part is intimate obligation? Once you can see which systems are touching, you can think more clearly about which tools apply where."
"DASH_ONLY","And sometimes the answer is: we need multiple tools at once. That’s not confusion. That’s sophistication."
"DASH_ONLY","Now that you can recognize scale errors, you’ll start seeing them everywhere."
"DASH_ONLY","You’ll notice when politicians promise to run the government “like a business,” and you’ll catch the scale error. Government isn’t a business. It operates at a different scale, with different obligations, serving people who can’t exit the way customers can."
"DASH_ONLY","You’ll catch when activists demand that companies act “like a family,” and you’ll see the mismatch. Companies aren’t families. They operate on different logic, at a different scale, with voluntary participation and price signals instead of unconditional obligation."
"DASH_ONLY","You’ll have language for something you’ve always felt but couldn’t quite name. You’ll be able to say: “I see what you’re pointing at. And I see the three other systems you’re ignoring.”"
"DASH_ONLY","You’ll have a way to see that most political arguments aren’t really about values. They’re about scale. Both sides are often pointing at something real: a tool that works somewhere. But they’re fighting because they can’t see that the other person is looking at a different scale, a different context, a different kind of coordination problem."
"DASH_ONLY","What habitat are we in? (Family, Commons, Market, or Network?)"
"DASH_ONLY","What scale does this system naturally operate at? (Intimate, community, anonymous, or voluntary?)"
"DASH_ONLY","What happens if we try to scale this logic beyond its natural habitat?"
"DASH_ONLY","It gives you permission to be complex. To believe different things at different scales. To recognize that human social organization isn’t a line from left to right, but a set of complementary systems that work together when they’re each used at the right scale."
"DASH_ONLY","We’ve been trying to flatten four dimensions onto one axis. We’ve been forcing people to pick teams when they should be picking tools. We’ve been treating complementary systems as competing ideologies, and then wondering why nothing works."
"DASH_ONLY","The marketplace habitat, operating correctly, generates discovery. Not by hoarding knowledge to create artificial scarcity. Not by patenting everything and suing competitors. But by recognizing that some problems are too big for one company, that innovation accelerates when shared, that surplus value comes from lifting entire industries."
